ctrl_deseq,ctrl_limma,LPS_deseq,LPS_limma
IGHG4,NPR1,NTRK2,IGHG4
ITGA4,IGHG4,EXOC3L4,BTNL9
MARK1,IGHA2,NTS,IGHA2
NPR1,ITGA4,CALHM2,JAZF1
SH3PXD2B,TEX9,TOX2,PARM1
SCG5,IGHA1,LINC02328,ADAM12
KCNN3,IGLC7,MAF,IGHA1
TEX9,MARK1,COL6A3,LINC01781
CCL22,CCL22,TRGV4,MARK1
IGHA1,KCNN3,SEPTIN1,TEX9
KLHL9,IGHGP,CST1,FAM149A
TMEM132A,ALOX15B,TMC8,COCH
CERKL,ENAM,IL12RB1,MEOX1
LRRC38,SH3PXD2B,LINC01215,ENAM
IGLC7,LINC02768,CD180,CCN2
MUCL1,ADAM12,TIFAB,IGHV3-74
SLF2,MTARC2,GATA3,IGHG2
SNHG31,IGHG2,AF131215.6,IGLV10-54
C1QTNF1,RAI14,SLCO1B3,IGHGP
IGHA2,SCG5,TBC1D10C,IGHG1
ALOX15B,MZB1,TRPV2,GPR55
IGLV2-18,CERKL,ABI3,CERKL
NUP133,IGSF3,IL32,AICDA
MZB1,COL5A1,FGD2,IGHV3-72
LINC02768,IGKV2D-24,MYO1G,ITGA4
DPYSL3,IGLV2-23,PTPRQ,COL5A1
RPP30,IGHV3-74,PARVG,IGLV2-23
ZNF845,ANKLE1,CCDC88B,MRC2
IGKV2-24,MCEMP1,GBP5,IGHJ2
CA12,DPYSL3,CD248,UCHL1
TNFRSF9,IGLV10-54,GZMM,IGLV2-11
ZSWIM4,CSNK1E,TMEM156,IGLV2-8
SLC12A5-AS1,SEMA7A,CARMIL2,IGLV7-43
ANKLE1,IGLV2-18,CD7,IL17F
MTARC2,MMP7,DOK2,NCAN
SLC25A37,IGLV1-36,TLL1,IGHV3-64
COCH,AKR1C1,SEMA7A,IGLC2
IL6,LRRC38,NRN1,IRAG1
IGKV1-6,MYBL2,IKZF1,IGLV2-14
IGHGP,IGKV1-27,SPN,S100Z
SLC1A2,LINC01781,AC008105.3,MTND4P24
ENAM,CCN2,SUCNR1,TGFB2
MCEMP1,IGKV3D-20,PTPN7,NPR1
FURIN,IGHV3-72,AACSP1,MIR9-3HG
VPS50,KLHL9,CPXM2,MNS1
RPL10P9,FOXP3,ACAP1,IGLV1-47
CSNK1E,GCSIR,BMP7,IGLV3-21
EPOP,IGKV1-6,MAP4K1,IGLL5
IGSF3,ZSWIM4,ADCY7,IGLV2-18
HTRA3,SLC1A2,FGD5,PEG10
IGKV2D-24,SLC7A11-AS1,NECAB1,KLHL9
ADAM12,IGLV2-8,SLCO1B7,IGHV3-33
IGHV3-74,LINC01484,ASB2,SMTNL2
GCNT1,IGLV2-14,CPVL,IGKV1D-16
MSANTD3,MEOX1,TMEM176B,LINC01644
SCIN,PTGR1,DAB2,HNF1B
TGM3,IGLV3-21,SIPA1,PLPP2
SMPD2,IGLV7-43,CIITA,IGHV5-51
MEI1,MIXL1,PDGFA,IGHV3-53
TIGD2,FAM177B,VASH1,IGLV7-46
CCM2L,IGLV1-44,CD40LG,IGKV2D-29
SLCO4A1,IGLC2,UBD,METTL2B
MAP1LC3A,IGKV3D-11,DPP10,IGHV3-13
IGLV1-51,SLC12A5-AS1,PCED1B-AS1,IGHV3-7
INHBA,COCH,GVINP1,IGKV2-30
INSM1,LAD1,RASAL3,IGLV1-51
SLC24A3,MNS1,UBASH3A,SCART1
TNIP3,SLCO4A1,AL159141.1,IGLV1-36
HES1,NCCRP1,ARHGAP4,FBXO32
C2CD4B,RPL17P50,CPA3,HRK
IGLV2-23,HNF1B,SMTNL1,RPS2P7
LAPTM4B,IGHG1,XKR6,IGKV2D-24
LINC02541,IGLV2-11,DOCK10,EYA2
HAS1,PDPN,TNIP3,TMLHE
IGLV1-36,IGHE,SOCS1,RNF32-DT
IL1A,SCN7A,COL6A1,LINC00511
GPR55,LINC01182,NCR3,SPDYE6
ST3GAL2,PLPP2,ZNF366,ZYG11A
VSTM4,VSTM4,TENM1,GCSIR
MMP7,IGHD4-23,FMNL3,IGKV1-27
DLL4,IGLV1-47,FAM78A,LINC01480
IGLV7-43,STEAP3,SLC26A5,IGLV1-44
HLA-DRB6,BCAR3,RENBP,MZB1
SEMA7A,IGKV1-16,IVL,LINC01013
PDPN,HES1,DPYS,STYK1
TREM1,GPR55,TRBC2,ZNF396
MIXL1,CA12,ADRA2B,IGHV3-69-1
LINC01182,IGHV5-51,ADAP2,SLITRK5
PDSS1,FBN1,SLC8A1,MLLT1
SOCS3,NEDD8,AL132642.1,HLA-DQB1
RAI14,IGKV1-9,CORO1A,IGHJ1P
ADTRP,SHISA8,ZAP70,CYB561D1
PKD1P5,MOXD1,FN1,FLT4
SLC28A3,FNBP1L,GABRQ,IGHE
STEAP3,MEI1,CALHM6,LIAT1
MAS1,FURIN,AC004151.1,IGKV1-16
IL36B,HTRA3,ITGAL,IGKV1-6
IGLV10-54,IGLV1-40,COTL1,LINC01484
COL5A1,TVP23A,SIRPG,IGHV3-66
PTGS2,IGKV2-30,APOE,TRIM2
NEDD8,FSCN1,PARP14,DDIT3
NCCRP1,SMPD2,TLR10,ZNF358
DOCK11,GNG8,LTB,SCARB1
AKR1C1,IGLV1-51,HLA-DQA1,IGLV1-40
FAM177B,IGHV3-66,HLA-DPB1,MYT1
IGLV2-14,DUOXA1,KHDRBS2,SYBU
HACD1,CCL17,GAB3,MIR8071-2
IL22,NANOS3,RAB39B,CCR4
APOBEC3H,HRK,SIT1,ZNF25
GNG8,TSPAN13,TRAF1,IGLV3-25
IGHG2,RPL23AP93,DBH-AS1,POF1B
PRMT1,ZNF608,RET,ERCC6L2-AS1
TVP23A,IGHV3-7,NCKAP1L,IGKV2D-40
SLC9A7P1,LAPTM4B,TRAV12-2,COPZ2
CCN2,SCART1,DPF3,IGHV3-43
RELB,ALPL,IL21R,WASH5P
IGKV1-27,IGKV6-21,SNX20,CYP4F29P
IL1B,MSANTD3,MTRNR2L1,RFX2
SNX9,GCNT1,AC015911.7,IGHV1-24
NTNG1,SPRY1,SP6,CD84
DDIT4,IGHV1-24,PLEKHF1,RORC
MARCKSL1,IGKV1-12,APOL4,MT-TP
ZNF765,EBI3,RAB24,PRKXP1
LINC03086,NTN4,HLA-DQB2,FHDC1
IGKV2D-29,INSM1,CD1D,TTC36-AS1
TMEM87A,LINC00942,TRAF3IP3,IGHV6-1
EBI3,TMEM158,CXCR3,TCL6
IGLV5-45,IL36G,TESC,IL21-AS1
IGKV1-9,TXLNB,RNF17,PPP1R21
LAD1,BTNL9,IKZF3,IGHJ4
WNT5A,SLF2,JAK3,NCK1
GLIS3,ZNF845,RUNX3,SYT4
SHLD2,IGHV3-33,CETP,SLC2A5
CCL24,IGHV3-13,PLEKHO1,SYNE3-AS1
PTGR1,MIR8071-2,IRF8,FAM81A
CCL20,LINC00158,HS3ST3A1,IGKV3-7
MMP14,IGLL5,AP003471.1,L1TD1
NTN4,RPP30,SLC25A47,HOMER2
TRIP10,IGHV6-1,TRIM69,IGKV1-12
FNBP1L,MAS1,PSTPIP1,GALNT8
CGN,IGLV7-46,KIF21B,LINC00173
IGLV2-11,IGLV3-25,NPFFR1,FOXP3
SCART1,IGKV1-5,LIMD2,CRACDL
LINC01484,IGKV4-1,APOL2,PPCS
VNN1,GAS6-AS1,AOAH-IT1,IGKV4-1
WDR5B,GPR68,TPSAB1,KCNN3
CYTL1,IGKV3-15,GIMAP4,LRRC32
CPXM1,IGHV1-69,KIFC3,AFMID
TNFAIP8L2,FANK1,TTC24,TK1
LINC01705,CHRNA3,TRAC,BLACE
LINC01781,IGHV3-30,AF131215.4,CHIT1
CD46,PARM1,WNT1,MTARC2
KLF3,IGHV3-53,PLA2G7,NUTM2F
PANX2,SH3BP5,CCND2,IGHV3-49
CLGN,TRIP10,SASH3,IGKV1-5
IGKV2-30,CD1A,AC139495.2,IGHV2-70
RAD51AP1,ST3GAL2,ANKRD29,IGHD6-25
OLFM3,VPS50,AJ239328.1,CDH1
GPR68,IGLV9-49,NCR1,SLC4A10
IRAK4,SPSB1,ANXA6,IGLC3
FANK1,IGKV2-24,LINC01934,ALPL
IGKV3D-11,SPRED2,VTCN1,MOXD1
IGLV3-21,LUM,LPXN,LINC02968
ATP13A3-DT,IGHV3-43,TRPM2,IGKV1-9
BMP2,LINC02532,TRIB2,PLAAT4
KIF26B,TLE1,HLA-DQA2,RNF8
RHBDD2,NTNG1,ZSCAN1,SLC16A14
TGFA,LINC01705,GBGT1,ZNF385C
NANOS3,LINC02541,AP000424.1,BHLHA15
SHISA8,TIGD2,SFMBT2,COLCA1
COL1A1,ANKRD33B,CD3D,CUTALP
C3,SIGLEC5,FERMT3,ANO7
MCC,ACHE,AL157871.2,OACYLP
BCAR3,SLC9A7P1,CYBC1,LINC02947
KRT79,C1orf115,MFNG,PLD5
NFKB2,IL17F,LGR6,APOBEC3H
CXCL1,IGKV2D-29,ATP5MC2P3,AP1S3
IGKV3D-20,FA2H,PLCB4,ADK
MMP9,KIAA0319,MIAT,NR2E3
IL36G,LTK,CCR5,IGHV3-30
MAP4K4,COL24A1,CYSLTR2,IGLV3-12
BCL6,CXCL6,RGPD2,TNFSF11
JAZF1,MCC,SOWAHD,IGHJ6
STRIP2,TCP10L2,LINC01588,EVA1A
SPRY1,SLC28A3,DOCK2,LINC01694
APAF1,SLC2A5,POSTN,WDR5B
CAV1,TRPV3,CD2,RPL36A-HNRNPH2
TNIP1,ARL14,HEXD,CLMP
MS4A4E,SLC24A3,FAM189A2,DENND2D
CLEC6A,FAM124A,USP20,MIR155HG
CSF3,TREM1,NDST2,SLC22A3
SDC3,IGHV3-11,P2RX7,SHISA8
CEP170B,PRMT1,AL512378.1,FANCI
CXCL8,LORICRIN,MSC,PXMP2
SLC7A11-AS1,LTBP2,GNGT2,SETD7
HNF1B,TMEM249,LINC00299,PLPP7
IGLC2,FBXO27,AC136475.3,IL17A
MAPRE3,ATP13A3-DT,MYO7A,DERL3
IGLV1-47,ADTRP,SLC16A12,IGHV1-18
ZNF808,UPB1,SLC24A4,LARGE2
SPG11,CPXM1,AL023653.2,FSCN2
RECQL,RELB,AL512408.1,HLA-DQA2
FOXP3,IL2RA,AL365361.1,IGHV3-11
OSBPL3,MMP9,GFI1,NAA50
LTBP2,SHLD2,LINC00885,TBX4
SNX14,CYTL1,CAPG,CBFA2T3
C1orf115,JAZF1,CD79B,MAP2
IGFBP5,GPR141,SCHIP1,RANBP1P1
UGCG,BHLHA15,HLA-DRA,MILIP
FBN1,GFAP,PNMA3,LMNA
RNF32-DT,FERMT2,ZDHHC14,ARL14
ERI2,MAPRE3,LINC02694,NSMCE1-DT
NEFH,NFKB2,RNF166,IGKV1D-39
UPB1,PYCR1,SECTM1,CATSPERD
LINC00942,NFATC4,AC004585.1,LINC01605
AKAP12,IGKV1-17,GBP4,IGHV3-23
CEPT1,TAMALIN,BEND4,CD300LB
TMEM158,TMEM132A,TNFRSF9,NEFH
OSM,SCIN,MT1XP1,FUT10
SH3BP5,ATP1A4,AC100858.3,IGKV2-24
FAM13B,IGLV5-37,AC138207.5,KCNQ1
FSCN1,KLF3,ZNF826P,IGHJ3
HSD11B1,CAV1,LINC01517,IGKV1-39
FAM124A,AK8,STXBP5L,NR4A1
SPRED2,EHF,AGAP2,TGIF2-RAB5IF
ADAMTSL1,SAMD14,PRKCH,GLYATL2
FZD6,CNR1,HOTAIRM1,FANK1
MEOX1,IGHV3-15,CSMD1,TRGV8
CDH1,IFT74,AP003119.3,SMPD4P1
KCNN1,SYNPO,GPR35,TIGIT
NCS1,UCHL1,AC022034.3,IGHV4-59
MLLT1,MTCL1,APOL3,SOD1-DT
HMGA1,IGHV2-70D,CD247,PIP5K1B
SLC7A11,MUCL1,C6,LINGO4
TXLNB,DLL4,UNC13D,SLC66A3
LRRC28,TCL1A,ACP5,NAT8B
ZNF611,CCM2L,RGS19,CD70
GCSIR,HOMER2,GBP1,RASSF6
F3,IL6-AS1,GPR174,CHST3
SLC22A3,IGHV2-26,ARHGEF1,MACROD2
HOMER2,IGLON5,IL23R,CA8
IGHV3-33,LINC01644,RCSD1,IGKV3-15
PDGFA,LINC02909,BTLA,UBE2QL1
GALM,NUP133,AC005224.3,TMEM219
IGLC3,NEPNP,FASLG,MAML3
IGFN1,SLC44A3,ZNF831,CLDN14
RPS2P7,WNT10A,CD74,KCNK10
ENTHD1,COL1A1,MRO,TPST2
SELENOP,IGLV5-45,CNTN3,MTARC1
ITGB8,CSF3,NAPSB,RNF182
TNFSF11,RNF32-DT,EDARADD,SLC44A3-AS1
SCRN1,TPST1,STK32A,KIAA1671
IGKV6D-21,B4GALNT1,BCL11B,TRPV3
BBS12,FAM9C,IL26,MUC16
HECW2,PRSS35,PIK3R6,PPM1J
TPP2,COL6A6,ADGRG5,BTN1A1
GRAMD1A,UGT8,FCHSD1,HENMT1
BCL3,UGCG,SLITRK6,RALGPS2-AS1
CD1A,IGKV2D-40,CCR4,ENPP1
MACC1,TNFAIP8L2,TENM2,SCG3
GPR65,IGKV1D-16,LRP4,CCDC85C
STK38,EYA2,TSLP,EBF1
CBLB,IGHV1-18,NKG7,ZNF407-AS1
GZF1,DNAL4,CYS1,PKD1P6
EHF,IGKV1D-8,JAML,CHRNA5
FAM8A1,C1QTNF1,TRAJ20,ST14
CCR4,PRPH2,RFLNB,DNAI3
IGHV3-66,LINC02970,PLEKHG2,IGHV3-48
HOXB-AS1,MACC1,ARHGAP30,TOMM40
IGKV1D-17,TREML3P,THEMIS,WDR86-AS1
IGKV1-12,SNX9,SYT11,BTN3A3
PRPF40A,HACD1,LAT,METTL14
ERMP1,AICDA,RNF213,TXNDC5
AK8,CEP170B,CYBB,TSPAN31
PPP1R3B,IGKV1D-43,EYA1,TNFRSF13C
IL17F,IGLC3,AL844892.2,IGHV4-39
DCLRE1C,CGN,ESRRB,ANKRD20A11P
EED,BCL6,LINC02000,CX3CR1
VNN3P,APOBEC3H,AIF1,FKBP5
IGLON5,CCR4,ETV7,MYO1D
CMTR2,MIR5195,TRAJ12,IGLV9-49
SOCS3-DT,TMEM38B,FZD2,CACNG1
NAMPT,KCNC4-DT,AC115522.1,PMS2P5
SYBU,CRLF2,AL357793.1,SYNGR2
GREM1,FAM8A1,HERC2P2,GREM2
HGF,ADD2,CHST3,FURIN
SEPSECS,SHLD2P1,SNTG2,C1orf131
CDC42EP2,ERCC6L2-AS1,CD3E,ADAMTS7
AFF2,ANGPTL6,CST4,MMD
SERPINB7,ARL2,PCDHB8,SLC22A18
TLE1,SOX5,Z82206.1,IGLV5-37
TPSB2,DGAT2,SAA2,GSKIP
LINC00504,XRCC1,GOLGA5P1,RASSF2
MNS1,RPL12P10,AL122058.1,SGCG
FAM110C,HMGA1,GBP2,LIN7C
OTOAP1,IGHJ3,SEMA5A,IGHV3-15
E2F3,PKP2,WASF3,LTK
PPP1R21,TNIP1,TYMP,TPTE2
ZBTB33,MARCKSL1,DBH,DTHD1
ARL14,FOXD4,AF127936.1,UGT8
ZNF200,MARCHF3,RNVU1-2,ROR1
AREG,LAMC2,CDH17,GPR174
PDP1,IGHV5-78,FNBP1,NR1H3
COL24A1,FHDC1,ELOA3,GJB6
C22orf42,AFF2,ANKRD62,IRAK4
IGHV3-30,STK38,PPARGC1A,BIN2
HPS3,PRAMENP,HLA-DRB5,FNBP1L
IGHV3-7,APAF1,TRBV27,DENND5B-AS1
PDK3,TMEM87A,KRT8P37,IRX3
PARM1,NUTM2F,AC090826.3,TPH1
IGLV1-44,CYP4F11,PML,THEM5
CHIT1,BBS12,TNFRSF14-AS1,SBF2-AS1
IGKV1-5,TIA1,TRBV7-9,GNGT1
TMEM38B,LINC02132,ANTXRLP1,ZNF226
LUM,IGKV2-28,LRRN2,IGLV5-45
MOXD1,MSC-AS1,ETS1,IGHV3-21
TENT5C,FBXO2,JAKMIP2,DOC2GP
COMMD10,LPAR4,BNIP5,ZNF28
TNFRSF18,TMEM171,MSC-AS1,AFF3
FERMT2,IGHV3-64,SLC25A45,LINC00221
UBALD2,NOTCH3,GRAP2,FBXO2
ETV3L,EREG,MEI1,DGKG
GOLGA1,GNG7,ITGAE,EFHC2
ZNF638,IGHV4-39,CD6,MGARP
PYROXD1,IGKV6D-21,SLC6A15,PKP2
METTL8,ENTHD1,TBX21,IGHV4-61
XRCC1,IGHD6-25,SLC2A6,RANP4
TRIM2,MAP3K4-AS1,HLA-W,IGHJ3P
IGKV4-1,PGAM1P8,HLA-DRB6,CORO2B
HSPA7,NETO1,TESPA1,LINC02090
IGLL5,SLC7A11,AL022316.1,HOXA9
TXNDC16,SLC22A3,IGHD,SLC1A3-AS1
CLCN4,TCL6,FCHO1,HLA-DRB5
PTCHD1-AS,RHBDD2,NR2E1,POGLUT3
SAP30L,TYRO3,SKAP2,OXER1
FOXK1,WNT6,PAG1,H2BC6-AS1
ZNF616,SRMS,KIRREL1,FGD5P1
IRAK2,SOCS3-DT,FGFR1,BAG5
ZNF365,LINC02947,SAA1,SH2D4A
IGKV6-21,SCRN1,GHR,TRBV18
PAPLN,TPTE2P6,CHI3L2,JUP
NOTCH3,PTPRG,TRBV6-5,ZNF594-DT
PLP2,EXO1,BATF,P2RX1
FBXO27,MTND4P24,TNFAIP8L2,SORBS2
WDR26,OLFML3,SLC34A2,CCDC187
ANKRD49,GUSBP13,AL355312.1,HLA-DRB6
ZNF25,PARD6G,STAT5A,CLHC1
EMSLR,LARGE2,COL5A1,GNAI1
PABPC1,NALF2,SLA2,DNAJC19P9
MARCHF3,CCDC26,HLA-DOA,LINC03007
MTCL1,LINC01170,TGFBI,RANBP3-DT
TPST1,SOX4,GIMAP8,IGHV2-26
IGLV3-25,SNAI1,IFFO1,FBXO27
FAAP24,KCNN4,HIC1,SLFN12
RTL8B,IGKV7-3,AC006449.2,TAMALIN
PLEKHG2,IGHV3-23,TRABD2B,FAM241A
TRDV1,C22orf42,CGAS,FAM66D
SOX5,PPP1R21,SPRR2F,LINC03033
SQLE,FLT4,ALOX5,NT5C3B
WDR41,MT-TP,TNFRSF25,DCLK2
PLAUR,TRIM2,PLXND1,TMEM213
LAMC2,AP1S3,HLA-DMA,PROX1
TSPAN13,IGHV4-59,SARDH,HDGFL3
COG5,PANX2,TNFAIP2,IGHJ5
ENC1,PKHD1L1,AC124319.3,SYT17
SLC2A14,CXCL1,CST7,FER1L4
IGFL2-AS1,IGHJ4,SEPTIN6,FDPSP4
ANGPTL6,CEPT1,CCDC71L,TET1
TBCC,C2CD4B,RAC2,SRMS
GAS6-AS1,PLEKHG2,RELL2,TOM1L1
SPSB1,RNF217-AS1,MPEG1,FFAR1
SNAI1,CACNA1E,INA,LINC02909
CLEC10A,HHLA2,LINC00926,SEMA7A
PKD2L1,PIM1,CEACAM21,NRN1
MAN2A1,GREM2,AC012354.1,EYA4
HRK,IGKV5-2,APOL1,MYO5B
DUOXA1,KCNN1,HLA-DRB1,LARGE1
VPS54,TNNI1,ARHGAP9,SIPA1L3
ZFP3,SNX14,PARP15,IGHV3-65
MSC-AS1,KRT79,AC007728.2,LORICRIN
AICDA,IRAK2,LAIR1,KHDRBS2
COMMD4,GNA11,PPP2R2B,ADD2
ASGR1,TNIP3,AC022202.1,ARL16
ZNF608,GPCPD1P1,HBB,FAM8A1
FLT1,SLC16A9,SCIMP,THNSL2
CXCL5,IGHV2-5,DDR2,IGLV3-1
SLC44A3,NDP,LAX1,XCL2
SAMD14,GAPLINC,AC078864.1,ANKRD33B
MPPE1,NRXN2,Z85996.1,ASMTL
SLC46A3,DCLRE1C,CX3CR1,TIGD1
SLC9C1,OSBPL3,AC022296.3,NINL
FCER1A,EMSLR,TMEM106A,IRF6
XPO1,PABPC1,INPP5D,TXNDC9
SLC2A3,ZC3H11B,INSYN2B,OSBPL10
FSD1L,IGHJ2P,CD79A,GRIP2
FAM131C,CXCL5,MS4A1,GYG1
SREBF2,PPP1R2B,AC011447.6,LINC00598
ABCD3,GSTA4,LINC01871,METTL8
TREML3P,RNF182,EEF1A1P14,PIGR
IGKV2-29,GLIS3,EOMES,TBX10
ACHE,LINC01537,CD52,IGKV6-21
GIN1,FAM72D,LINC00960,SPRYD7
NHS,CBLB,UGT2A1,SMG1P4
IGHE,C3,GRHL3,IGHD4-4
CACFD1,TGM3,TRANK1,JAM2
CHDH,SEMA3F-AS1,AL031846.2,LINC01392
THRB,TRAF4,POU2F2,MEF2C
SPTLC1,FAAP24,CD8A,KLHL5P1
CYP4F11,CXCL8,PIK3CG,CLEC17A
HIPK2,GAL3ST2,LINC00996,SMIM17
PIM1,RHOV,AF131215.5,COL27A1
TCP10L2,FCRL4,XCL1,ITPKB
DDIT3,TNFRSF13C,SSTR3,GAPDHS
SNAPC1,FRMPD2,CD244,TRAV17
FA2H,YWHAZP3,GPR171,MIR645
CEP112,APCDD1,AC012645.3,ILDR1
ZNF28,DERL3,SH2D2A,IGKV1-17
SOX4,ADAM19,NMUR1,MICU3
IGHV2-26,BMP2,KCNAB2,WNT11
CD93,HIPK2,UNC5A,AFF2
KCNN4,CDK14,AL162586.2,OR1H1P
RNF138,SPG11,LINC01436,NCK1-DT
FANCI,DGAT2L6,SLFN12L,CARD10
RPL7AP64,SOCS3,AC109446.3,GPR141
MIR9-3HG,SLC4A10,AC104530.1,RAB27A
CLP1,WDR5B,THORLNC,PRSS35
ANTXR1,HMGN2P17,TSPAN32,CD8B
BANP,IL36B,CCDC141,CRABP2
KDM4A,BCL3,HLA-DPA1,NAB2
AKAP10,IGKV1D-17,RBCK1,CXCR3
FAM9C,ZNF765,LINC02316,GUCY1A2
XRCC6P2,ADAMTS7,C1orf162,LINC01679
ORC4,GEM,P2RY14,FAM110C
ZBTB22,GCGR,NRROS,GPR160
IGHV6-1,XRCC6P2,PPP2R2C,COMMD4
KCNQ4,TPP2,HLA-E,TBC1D22A
DDR1,OLFM3,HLA-DMB,RAB38
LTK,PPP1R17,P2RY8,PERP
GNA11,SYT17,ZEB1,MFSD13A
SF3B1,PDLIM7,RASGRP1,TCL1A
EREG,IGHV3-48,PPP1R18,CDC37L1
ZBTB8OSP2,ASAP2,PRRX2,KCNQ5
TPM3P5,MAP1LC3A,NTF3,CACNB2
DNAL4,IL1A,GIMAP6,MCL1
LINC01163,ZNF547,GAS1,IGKV1D-12
CXCL3,ABCB9,Z83844.2,STK38
CDC37,PDP1,KLHDC7B,TRHR
LTN1,MYOSLID,MMP25-AS1,C16orf74
PPP4R3B,CA8,AC105265.1,B4GALNT1
GEM,WASH5P,MEST,MPHOSPH9
PROSER3,SNX22,ITGA4,CHDH
IL3RA,ZNF366,CDH4,IGKV3D-11
HR,GLYATL1,AL035425.4,LRIG3-DT
FBXO32,LIF,BTK,CASR
ASMTL,MAP4K4,TRG-AS1,EOMES
NFKBIA,DRG1P1,ZNF90,TP73
MPZL1,LIMS2,CD96,TMEM9B-AS1
YWHAZP3,PTP4A2P1,ADGRL3,TRAF4
APBB1IP,TGFA,AL360181.2,IGLV3-19
TAMALIN,ECRG4,SMPD5,RNF217-AS1
TIA1,ITPR2-AS1,SLAMF7,ENPP5
FBXO2,NXPH3,AC083837.1,SEPHS1P1
SIGLEC11,BMP6,ZDHHC15,IL17RE
CAVIN2,HPS3,GMIP,CDC25A
PTPN1,RDH5,GALK1,OPRL1
PLAAT4,EBF1,TMIGD2,IGKV3-11
FHDC1,CD70,HCST,TRBV7-1
OCLN,ZNF200,TCF3P1,HSD17B3
ERGIC1,TUBB8P7,AC241377.4,GDPD5
PKHD1L1,LINC01754,UBE2QL1,HMGN4
ITM2C,TRBV6-4,EVL,SYCE3
ATP1B1,CRIP2,CD3G,MPPE1
SLC35B3,ZNF808,KRT8P3,STAMBP
LINC01644,FAM216B,IFNG,FTH1P22
HLA-DQB2,TMEM200A,GPM6A,SPDYE21
SLC11A1,TFPI,ITGA1,IRGM
ADAT2,SQLE,FCGR1A,KCNJ11
IGHV3-72,PDK3,LINC01988,OR10G2
CHST2,EPB41L4B,GAPDHP35,HTR3A
IGHV1-69,RARRES2,KCNMB1,SNED1
ATP13A3,IGHV3-21,PSMB8-AS1,CSNK1E
TM4SF1,GNGT1,MCOLN2,FFAR3
LRRC40,CMTR2,ARHGAP22,RGPD2
MYPN,MIR9-3HG,GFRA1,RANBP1
RGS16,CCL19,C19orf38,TP53I11
NEDD4L,NCS1,AL691449.1,EIF3FP3
ANKRD34B,CILP2,AC069120.1,GPR173
WSB1,ARMCX5,PCDHAC2,CMTM3
DENND4C,USP2,ANOS1,IGLC7
ABCB9,LINC00504,PLCB2,IGLV3-9
FYB1,FSD1L,TP63,EEF2K
MYBL2,OR13A1,CTSL,MYBPC2
MYO1A,SLC2A3,VAMP1,CACNA1E
KMT5A,PLEKHG7,HLA-G,IQGAP2
IGHV1-24,IL1B,ZNRF3-AS1,PPP2R2B
IGKV3-15,CD46,TMEM171,SNORD3A
CHRNA3,DOCK11,NFKBIE,MYH9-DT
IFT74,MSNP1,AC018638.1,C2orf88
C2CD4A,ZNF611,LGALS2,LINC02963
KIAA0319,IL22,HOPX,RNFT2
BCL2A1,IGLV3-19,ANKRD6,HSPE1-MOB4
PRRC2A,RPS4XP2,LAMB1,TMEM30CP
HSPBAP1,RTL8B,LINC02605,SMAD6
ZNF449,IGHV3-49,ISLR,HHAT
COL6A6,IGHJ3P,AC074135.1,PAH
LTA,HLA-DRB6,CCDC158,CCR5AS
RNF217-AS1,NEDD4L,AC008875.3,CECR2
DTWD1,BORCS7,GRB10,MSL2
OLFML3,STYK1,RASSF8,IGKV2D-30
IGKV1-17,AQP8,ITGB7,VWA5A
SSR1,LINC01480,MAFB,ST8SIA5
PRR16,PAPLN,ZNF135,RCC2
WNT10A,DDR1,AL021707.6,TIMM23B-AGAP6
LINC02132,BCL2A1,IL22RA2,NCR3
PPP1R9A,HR,PAX5,TRBV27
SLIRP,GJB6,HSPA7,ST8SIA1
GREM2,WNT5A,F13A1,LINC02842
ANKRD33B,IGLV1-41,EPSTI1,IKZF4
GRIA1,GRAMD1A,GPR55,BPGM
MAP3K4-AS1,PIM2,AC113615.2,RDM1P2
GYG1,EED,AC090152.1,RSPH1
UBE4A,CXCL3,GZMH,CFB
PHOSPHO1,IGHJ5,BATF2,DRC7
FAM72D,BHLHE22,MT1G,LINC02202
CELF2,IGHJ6,SEPTIN3,SGSM3
MFF,HNRNPKP2,SLC7A5P1,CHRNB2
ARHGAP27P1-BPTFP1-KPNA2P3,NR1D1,ID2,RHPN2
TRAV17,OTOAP1,WIPF1,GLYATL1
SH3BGRL2,PPP1R3B,AC108448.3,APCDD1L-DT
CDK14,GREM1,IGHM,MAJIN
SPATA3-AS1,ITGB8,NOD2,GNG7
RIMS3,CEP112,AL157895.2,TRAJ12
ZNF683,MLLT1,PIM1,PNRC2
CD1D,FER1L4,GIMAP1,PAWR
UCHL1,WNT3,CD80,CLVS1
R3HDM4,MEMO1P1,AL359532.1,NCAM1
ZNF788P,STX1A,PRKD1,ZNF83
TAF15,RAB40A,AC018755.4,CHI3L2
CTSK,SYBU,FCGR1B,NPEPL1
PLA2G4A,IL3RA,AC021188.1,LINC01063
ALDH1B1,CACFD1,ADAMTS19,KMT5A
FBLN5,LINC00656,ELOA3C,GARIN2
ACKR3,CHEK1,RAB39A,ARPC3P3
RMI1,LOXL1-AS1,AC079753.2,SLC6A3
CARMIL3,AKR1C8,AC004847.1,LINC02086
LORICRIN,RRN3P4,AC027251.1,CEP72
PIK3R3,RPL12P6,HS3ST3B1,FCRL4
MIR503HG,SPTLC1,RGS16,SORD
CLDN11,R3HDM4,FAM107A,PRAMENP
PPP2R5A,CYP4F29P,SLAMF1,ABCD2
HCFC2,LINC01147,AL355097.1,ITPKA
SLC2A5,FADS3,AL591441.1,NUTM1
PPP2R5E,TTC34,ARRDC5,IGHV2-70D
GAL3ST2,SPIB,PDZK1IP1,SLC9A7
LINC01229,ZNF28,ARID5A,CA3-AS1
MRPL37,FAM131C,SORCS2,ADRB2
GPR141,SHANK1,RASGRP2,ARHGAP44
DSN1,LINC02940,HOXB4,CD3D
CA8,SAP30L,AC245884.7,ADRB1
KIAA1671,RNF138,GPR25,KCNC3
PKP2,AK4,KIRREL3,PGLYRP4
RPL17P50,SSR1,NUDT10,IL3
FLT4,PLAUR,C11orf21,CTSW
MIS18BP1,NKD2,MUC13,SPATA31G1
CYP1A1,MEST,RNU6-392P,CABLES1
TBCEL,PNOC,SCN2B,PNOC
FUT10,ITM2C,AC012645.4,IGKV1D-43
ZNF75D,SLC25A37,AL391560.2,LAMA5
TRAV39,GPAT2P1,PIK3AP1,PEX7
LOXL1-AS1,SPDYE21,LCK,ARL2
NRXN2,MYO1A,LMCD1,C19orf33
ETV3,STAC,AC108935.1,ARHGAP5-AS1
BMP6,MYO1D,SPOCK3,DPEP3
ZNF235,COG5,AHRR,FOXF1
TOMM40,CACNA1D,GAPT,FCRL5
FOXC1,SHISAL1,NAIP,SDE2
RDH10,IGLV3-27,OR2I1P,CCNP
FAM13A,FYB1,HLA-F,TMEM74
METTL14,HECW2,VWDE,IGHV3-62
HS6ST1,DEPDC4,TRBC1,AGK-DT
PPP1R2B,PRKXP1,TMEM176A,SNX22
MGST1,IGHV3-73,FAM157B,TRIM52-AS1
TUT7,LINC01013,MS4A2,SERF1B
RANBP1,TNFRSF18,AP001453.4,EFHD1
VPS29,CLP1,PRKCQ,TEAD1
SDS,PTPN1,AC084816.1,IRF8
RUVBL2,CYB5R2,PDE1B,DET1
ZNRF1,IRAK4,AC139769.1,NCF1B
MT-TP,CDC42EP5,AC243960.1,RSL24D1P6
LINC01170,COMMD10,TNFRSF14,ANP32D
FBXO11,IL6,AC067945.1,COL1A1
RUVBL1,SNORD3A,LAMA3,ZNF423
GRIN3A,APBB1IP,ADAM19,IGKV7-3
USP2,NTSR1,ADGRB1,GINS1
NFATC4,TSKU,C11orf96,FARP2
VWA8,RAPSN,WDFY4,NCCRP1
AMPD3,SEPSECS,CMTM3,GOLGA6L23P
PRR5L,DTHD1,MLKL,COL4A4
TAF5,BANP,MYO9B,FRMPD2
CSTPP1,LINC01413,ZBED2,TMEM254
IGKV5-2,PHLDB1,CR381653.1,TCF4
SLC25A24P1,PSMB8-AS1,LIMK1,NKG7
SMIM3,LAMC1,AC007681.1,TNNI2
C17orf100,FOXK1,GATA2,MTND1P5
LINC02970,RIPOR3,CLIP2,PCK1
CCL23,MAN2A1,PAXX,LYPLAL1-DT
MICALL1,LINC01926,MICAL1,LINC02356
PTGES3,RFX2,CASP1,ATF7IP
RDH5,CELF2,FAM30A,PF4V1
ZGRF1,STIMATE-MUSTN1,ADA,IGHD4-23
RACGAP1,NT5E,TIGIT,TMED7
TK2,IGHV2-70,UAP1L1,CES3
FFAR3,MAP1LC3C,EPHA10,PRSS57
MEMO1P1,WSB1,TNIP2,EMP2
NKD2,COL22A1,KIR3DL2,TESC-AS1
ENHO,TBC1D28,AF131215.2,IGHV3-32
IGHG1,FAM13B,TNFSF8,MIR5195
CKLF,SLC11A1,SH2D1A,RTKN2
C10orf95-AS1,FSD1,AC010329.1,C7orf57
PGRMC2,IGKV3-20,BOC,GPR137C
C5orf67,LINC01342,RAPGEF1,PRKCH
CCDC26,RPS17P16,TCF7L1,ATN1
SCMH1,KIF26B,E2F3P1,PIP4K2C
MRGBP,TMEM244,TSHZ2,MAPK8IP1
DNASE2,STK33,GDPD4,TMEM45A
DYRK4,E2F3,UBA7,WWC1
SKIC8,ENHO,RTP4,LINC01961
PDLIM7,VPS54,KCNA3,LINC02099
FTLP3,ADAMTS14,IL18BP,CHRAC1
MAP3K4,UBALD2,PEAK3,SLC34A3
NT5C3B,CCL3L3,SH2D3C,KLC2
SLAMF6,FOXP4-AS1,AL445471.1,SPAG6
FBXO22,IGKV2-29,SH3BP1,MYBL1
DGAT2L6,COL27A1,LSP1P4,HSD11B2
ENTPD5,DENND2D,NPPC,FAM72C
LRP10,CNKSR3,DAB1,BLOC1S5-TXNDC5
FCGR2C,LNCAROD,TRAPPC5,TMEM178B
INPP5A,RECQL,GBP1P1,E2F1
VPS8,COL4A4,IDO2,PNCK
NFIA,C14orf39,OLFM1,P3R3URF-PIK3R3
FNTA,GALM,INPP4A,IGHV3OR16-13
IGHV3-13,TUBB8,NLRC5,TCEANC2
BHLHE22,OSBPL10,FAT4,LINC01182
IL19,GZF1,ZNF208,SERTAD1
CNKSR3,WDR26,IL2RG,ADAMTS9-AS2
SAP30,DCPS,PGAP1,INHCAP
JSRP1,MUC17,FABP6-AS1,MEF2C-AS1
GPAT2P1,DUSP5-DT,KLHL14,ZNF641
ANKRD52,STRIP2,AC011471.3,RBMXP5
THOP1,KCNQ4,AC004865.2,DLK2
RETN,LINC02513,RN7SL336P,RPL12P27
MTHFS,GGT5,YWHAEP1,KIF5C
CPOX,ZNF687-AS1,ARID3A,C15orf61
COG3,MMP14,CD37,MEMO1P1
TLR4,COX6B2,APOBR,TAF7L
LINC00989,SNHG18,AC117464.1,BCKDHA
GALNT2,BBS2,TRGV3,COSMOC
CADPS2,SPATA3-AS1,GPR78,CSGALNACT2-DT
CRLF2,GRIA1,AC093151.2,CRYBA4
AMH,RNFT2,AC105749.1,IGKV3D-20
TTC34,TDRD10,PSMB9,TMPRSS15
PSMB8-AS1,HAS1,AC004687.1,IGLV3-13
TNFRSF12A,GPRC5A,GNG2,C6orf58
ZBTB49,MYLK,AOAH,CADPS
MSR1,KDM6B,TOMM40L,SCRN1
SERPINE1,FAM78B,AC002511.1,ACP2
KDM6B,SLIRP,SBNO2,FHL1P1
SLC4A10,CYP27B1,TNFRSF4,ZNF160
SGO2,DNALI1,MAP3K14,PABPC1
EYA2,C10orf95-AS1,LEMD1,TUBG1
TMEM238,ABHD15-AS1,ST3GAL6-AS1,CNR1
NIPBL,IFNLR1,SULT1E1,ACOXL
ARID5A,NFKBIA,FYB1,SERPINA6
DCPS,CDH1,COL4A6,FCRL6
WNT3,ADAT2,PLCE1,RTN3P1
FAIM,IL17A,LINC02325,GPLD1
DENND2D,SNW1,PLPPR1,ASB12
HEY1,TMEM38A,GOLGA7B,WASHC5
TNFRSF11B,SLC7A5,CCBE1,RAP1GAP
NUPR1,TNFSF11,EDNRB,NPW
KCNJ5,RIMS3,CALY,CRYBB1
ERG,WDR41,LINC01612,GLDC
GSTA4,PLAAT4,AL592295.1,MAP4K3-DT
CEP135,MREG,ADH6,CCL22
PPP1R17,GPX3,KBTBD3,TMEM60
LPAR4,NLRP4,PALD1,SMIM36
ODR4,LINC03033,FKBP10,TAS1R3
PAXBP1,ZNF25,ZNF667-AS1,RTL8C
SIGLEC15,RPS24P8,TBX19,RPL11P1
ZNF823,MGST1,AC114778.2,RN7SL753P
IGKV1-16,GALNT8,LNCAROD,MINPP1
PTP4A2P1,ADCY3,AC046185.3,IGHD6-6
FAM72B,SH2D4B,ASTL,IGHV2-5
DTHD1,TVP23C-CDRT4,ADORA2B,MROH8
MEST,CRIM1,MIR26B,NPIPB2
MCUB,TOMM40,IL4I1,LOXL3
TRAF4,IGLJ3,HASPIN,ZNF658
JAK3,PLD5,AC063977.2,CLDN4
GCKR,ANKRD20A11P,FCRL3,IGHD3-22
TSPAN4,CEACAMP3,ANKRD55,KITLG
BTG2-DT,YAP1,PAICSP4,CACNA1B
HEATR5A,IGFBP5,PTGS1,LOXL1-AS1
RNFT2,MUC19,AC087477.2,IGKV3-20
ZNF432,HS6ST1,HOXA2,RBM25-AS1
FARS2,NOL12,S100A7A,TRAV39
ZNF615,LINC01163,BRINP1,GABRR3
FERRY3,CNN3,LRP4-AS1,HSFX2
ASB2,MAFF,APOC1,IGLV3-16
HEATR3,SGO2,PIK3CD,DIRAS1
TRAPPC8,VWA8,FCRL6,IFNLR1
HSD17B2-AS1,NRSN2,LY9,COX16
ADGRA2,ERMP1,LILRP2,PHLDB3
ORAI2,IL23R,DOK7,SRSF9P1
IL36RN,GIN1,HSD3B7,RNF223
IGHV4-39,IGKV3-11,HAVCR2,CCDC184
FGF12,CLGN,SLCO4A1,DHCR7
TYRO3,LUCAT1,FMN2,IGLV4-3
SETDB2,AKAP10,AC109446.4,C1S
TNFRSF13C,ERI2,TF,GPR157
HSD11B1-AS1,TPM3P5,VCAM1,ST6GALNAC3
AP1S3,VPS29,SPRR2C,IGHV4-28
SPATC1,ZBTB33,FAM157A,MPL
TOMM22,SLC46A3,AC093829.1,ATP5MJ
NDP,DDIT3,SAMD9L,TNXA
PTPRG,CHDH,SCARF1,IGKV6D-21
IGHV1-3,LINC01388,OAS3,IGKV5-2
S1PR3,SAMD10,AC022133.2,CEP164P1
SNHG26,ACSM5,FMOD,EDEM1
A2M-AS1,IGLV3-1,DYSF,OPTN
CXCL2,LINC02963,TRIM31,C17orf99
FSD1,MICALL1,APBA2,SLC26A5
CD70,ERGIC1,LILRA6,SLC16A12
SCGB1A1,SERPINE1,RGL4,LINC02065
SCARA5,CA10,RN7SL323P,CHRNA3
RPS4XP2,PYROXD1,NCF4,NONOP2
ADD2,SETDB2,CYP3A43,UTS2B
LGR6,GYG1,GPR141,MT1DP
DNAAF5,INHCAP,RGPD1,FBXO38-DT
GGNBP2,RPL39P38,CTSW,HECW2
SMIM43,DSN1,IRF1,TMEM38A
SMAD1,ZGRF1,SMAD9,SPECC1L-ADORA2A
TNKS2,SLC25A24P1,ARHGAP15,HCRTR1
GPX3,TNFRSF12A,KCNN2,HR
CPAMD8,SERPINB7,HEY2,IGLV1-41
POU2F2,CADM2,ELMO1,BBOX1-AS1
PPIF,CLEC17A,GPR82,TRAJ34
ECRG4,LGALSL,PIEZO2,PKDREJ
BORCS7,PDYN-AS1,PREX1,PROSER2
TMEM26,GTF2IP14,UCA1,CLPB
ERCC6L2-AS1,GLDC,CD48,TBCC
FCGR3B,FLT1,ANKRD44,BBS2
SPINT1-AS1,ZNRF1,INSL6,CDH13-AS2
IGLV7-46,EMILIN1,KCNMB4,TADA2A
FASTKD1,THA1P,CD101,POLN
CACNA1D,HRH4,LILRB4,IGHV1-58
CMSS1,CCR6,TRBJ2-7,CLDND2
HNRNPKP2,IGLV2-5,AC002546.1,COX7A1
CD44,BCAR1,CNTN4,MICD
HSD17B14,CLDN11,FCER2,IGHD3-10
NFXL1,TMEM238,EMP3,CNN2P9
SHLD2P1,TXNDC16,RIMS3,PCDH1
TIGIT,IGFN1,CSK,ERMP1
MSNP1,COL6A5,LINC01841,ZFAND2B
LRRCC1,KIF26A,AC245884.2,SYT9-AS1
AGTPBP1,PRAME,AIM2,RPS6KA6
PLD5,SIGLEC15,ZC3H12A,SAMD3
SBNO2,USP7-AS1,AC096970.1,FAM186A
GNG7,SEMA3G,SPRR2D,TPTE2P1
AGGF1,LINC02296,RUFY4,GLI1
GLDC,RDH10,ATP10A,PDE6A
ABCG2,METTL8,TMEM150B,ZNF608
ZMYM2,LINC03086,AL512306.3,CDK6-AS1
TRPC4,IGLV3-10,FZD4-DT,JSRP1
METTL9,LRRC40,RIPPLY3,YWHAB
AMZ2P1,UBE4A,LINC02576,KLRD1
PIM2,PPP1R9A,TAP1,TNNC2
RPL39P38,BCAS1,AL121933.2,IGHV3-73
LINC02884,CCL20,SCARA3,IGHV1-69
FOLR2,SPRY3,OR4D9,MAP10
CCDC120,LINC01266,AC007608.3,DCPS
ETS2,LINC01961,FMNL1,UGT2B17
TARID,SLAMF6,ITK,GATA3-AS1
LINC01492,CCL1,MPPED1,COPDA1
STX1A,SREBF2,SERPINB9P1,PYCR1
SRF,FAM217A,TRBV4-2,IGHV3-35
PLSCR4,IGHV3-69-1,AC061992.2,LOX
SYT4,ACKR3,PDGFB,HVCN1
ADGRB3,MRPL37,HGD,ZNF711
FBXO4,FBXO16,MICB,GPR182
RRM1,SPINT1-AS1,SLC15A3,HARBI1
FBXO16,ARHGAP42,AL627171.2,LINC01589
DHRS9,ZNG1E,SEMA6B,TPSB2
TFIP11,CAMK2B,SMOC2,ADGRG1
CASP8AP2,PI16,AC011447.3,CD27-AS1
TWIST1,LINC02709,PTPN22,MYBL2
USPL1,MON1A,SYNGR3,LINC01754
APCDD1L,LINC02223,LINC01002,LINC01692
GSR,ZBTB16,SNX31,LINC01307
ATG12,SPATC1,AL031963.3,BCAR3
CYSLTR2,SYN3,RAB43,LRRC3-DT
DDO,ENTPD5,EGFR,SLC20A1
DGAT2,INHBA,AC005224.2,IL9RP1
RFX2,IGHV4-61,IFI30,DDN-AS1
C1QBP,APBB2,CD226,PNMA2
GLB1L2,FBXO4,ITGB2,GAPDHP52
APCDD1,FUT10,APOL6,PTP4A3
TMEM200A,MYBPC2,IRF1-AS1,DYNC1I1
TMEM135,LVRN,GLS,CCL1
IGHV5-51,ABCD3,GPM6B,ARMC3
PGAM1P8,CD1B,SIRPG-AS1,NFATC4
LINC02296,TBCC,DOK3,ARID1B
WNT6,HSPA5P1,SPI1,GOLGA7B
RARA,E2F7,LINC00964,AHRR
ZNF844,CD24,SALL1,DMC1
SEMA6D,LPAR3,RNF44,LINC02932
ANO2,HSD11B1-AS1,RELB,MYRF
NDE1,PDE8B,EMILIN2,LARP4B-DT
HSPA14,MAPK11,DOCK11,SLAMF8
PPFIBP1,DENND2B,ZFYVE28,MPV17L2
APBB2,ADGRG6,PLEKHM2,DNAH11
MAT2A,PRDM7,USF1,ALOX5
RNF182,C10orf55,STAT4,MLLT3
ZC3H11B,USP32P3,CCR6,ZNF593OS
IGHV3-64,VSX2,PTPRD,SERPINF1
MAPK11,TEDC2,TRAJ38,SERPINA9
LRP8,LRRC37A2,DUSP2,ANKRD26P3
B4GALNT1,SLC30A6-DT,RBM26-AS1,LINC01991
ERAP1,TMEM150C,AC141424.1,TROAP
GNPTAB,LYPD6B,TRBV19,CFAP141
IFT22,GOLGA1,AC008964.1,SRSF3P1
CAMK2B,PPM1H,GIMAP7,CD24
CLDN16,MPZL1,ADM,REEP1
ZNF649,TMEM50B,CLECL1,PTENP1
S100A12,RUVBL1,TPSD1,ZNF691
CEP192,FAM72B,TMEM97,PLEKHG7
SLC26A5,PROSER3,CD27,CD34
LINC01266,NAV1,ENO3,MYG1-AS1
IGHV2-70D,PLCD3,IRF3,CFAP20DC
AMMECR1,PIK3R3,GDNF-AS1,TBX15
RANBP6,GARIN2,AC015911.11,MCC
PLPP2,ALG5,PGGHG,SOSTDC1
WASHC5,LINC00928,AC008760.2,ACP7
EXO1,SLC35G2,SPRR2A,DLL3
DUSP5-DT,SLC26A9,STAT2,IGHV1-2
SNW1,UFD1-AS1,AC016240.1,NRG4
NRSN2,GGT1,LILRB1,ZFYVE19
RHOT1,NCR3,ADARB1,DNM1P51
LINC02376,HSPA7,VIM,INPP5F
STYK1,JSRP1,PSD4,MAPK12
STIMATE-MUSTN1,LIMCH1,RNF165,RDM1P3
CAPN7,ENAH,TRGC2,COL19A1
ABITRAM,ALDH1B1,LCP1,IRF2BP2
MAP3K14,SAP30,MPO,LGALS12
TNNI1,ABCG2,IGSF6,FASLG
TRPV3,LRP8,MOB3C,FZD3
MYO1D,SLC38A3,TRDC,FOXD1
COL4A5,NEFH,ZNF276,SIGMAR1
NAMPTP1,SEC14L6,STAT1,NPPA
MSANTD3-TMEFF1,BCLAF1P2,APBB1IP,LINC02274
ST3GAL1,TNFRSF11B,CDH15,FCRL1
RASSF8,LINC00863,SLAMF6,ATP6V1G2
SLC25A30,ZNF616,MT1X,EVA1C
CD82,MTHFS,ATP1A3,TRAP1
GNGT2,CPA5,S100A9,PAGE5
SAMHD1,LINC01492,AC131235.4,FAM85B
PRKAB2,TRAV17,NARF-IT1,RBM24
IQGAP2,TUT7,AC091182.1,HNRNPA1P28
FOXD4,FZD6,USP30-AS1,CCDC181
SYNPO,SPCS2P4,AC087588.1,LERFS
SLC8A1,TENT5C,METTL27,SERPINC1
C3orf62,LGALS8,BTN2A2,FAM124B
TBC1D28,LINC02376,MXRA7,SMIM26
TSPAN31,MACROD2,RFX5,EMP3
NSMCE1-DT,OSM,DENND4B,PLA2G12AP1
TSC22D2,SH3BGRL2,SMG5,CDC16
TTC8,UNC5C,P2RY10,SHE
TMEM144,METTL14,ABCD1,SLC17A9
ZCCHC8,KDM4A,KNSTRN,HMGB3P32
EPHB4,TK1,GNAL,TRAJ17
LILRB5,ACP7,ZNF888,MTERF1
DHX57,RNF103-CHMP3,CYTH4,POU2F2
THSD7A,CXCL2,LINC02495,TCEAL8
CD84,FTOP1,MIR3142HG,PKHD1L1
ARL2BP,IGKV3-7,IER5,HACD4
BBS2,FBXO10,NMI,TFIP11-DT
IREB2,ENOX2,AC093627.7,LINC01703
DNAJC13,MPPE1,AC012101.2,HSD17B11
ADD3,LINC02801,SLC24A3,LINC02084
MED27,LINC02320,TRPA1,CLEC20A
IGLV1-40,CD93,TRIM22,LINC01811
LINC02828,NDC80,IQCJ-SCHIP1,LINC01134
LINC02909,DNAJB5,HNRNPA1P52,LINC02201
PATL2,ZNF607,SPIB,UCK2
LINC02940,LINC01058,CYP26A1,PERM1
IGKV2D-40,WDR86-AS1,VPS9D1,PROM1
WASH5P,VWA5B1,AP002762.1,ATXN7L3B
RPLP0P9,MSRB2,CXCR6,NAT8
DESI2,DNAAF5,RNASET2,ACRV1
SLC30A6-DT,METTL1,SLA,LINC01668
ITGB7,ZFP3,CLEC2D,GTF2IRD1P1
MYLK,HYAL3,SH2B3,TMEM244
WASF1,GRIA3,ITGAD,PIRAT1
USP48,NECTIN4,SLFN5,CEP83-DT
HS3ST3B1,ZNF788P,KRT18P17,ZNF663P
ASGR2,HOXB-AS1,AC062029.1,FNDC4
PDZK1IP1,TNKS2-DT,ST6GAL2,ING4
HADHA,RASL10A,AC022217.3,MPC1-DT
ADAMTS14,ZNF649,GLI3,OR7E14P
ZNF614,DOCK11P1,CD163L1,FAM149B1
ZFYVE19,ST20-AS1,GSDMA,S100A2
PDE4DIPP4,XPO1,ACAA2,CHRNA9
EPS15,RORC,BTNL3,OXSM
SLC35G2,CHIT1,AL034374.1,RRP12
TNKS1BP1,SLFN12,PCDH9,SPATA18
TBC1D2B,CKLF,PRKCB,SLC16A1
RNF139,LINC00520,AC022929.2,RAB5IF
NOL8,LINC02202,PDLIM2,RAB30-DT
ZBTB10,PET100,EDN2,MTCO2P4
COL27A1,CCL24,PYHIN1,CHST8
RIPOR3,DENND4C,CNST,ZNF319
CPVL,GATA3-AS1,LINC02611,RNF7
ORC3,PRUNE2,MTCO3P43,IGHD2-2
SLC16A9,AKR1C4,PLCD4,MT-TF
LINC00158,GPR65,PARP12,SPATA25
RRN3P1,CELF4,NHS,BMPR1B
SIGLEC5,CRACDL,OVOL1,MLC1
GCGR,GPAT2P2,FLI1,CALCRL-AS1
CNOT2,SUB1P1,TNFSF13B,IGKV3OR2-268
LINC03033,SCMH1,CCDC9B,PIK3C2B
TNFSF15,CFAP144P1,AC133919.2,PLA2R1
ZNF83,SCARA5,AP005212.2,LRIG3
RFTN1,CDON,CD33,TRBV6-4
TTC23,SERF2,AL118508.1,CH25H
EHD1,LINC01426,BNC2,ZNF730
VOPP1,LIAT1,CTLA4,MTCL2
PPBP,MIR155HG,AKR1C4,PDZRN3
C19orf48P,SMG1P4,TRAV3,IGHV5-78
WWP1P1,ELOCP2,TRAJ26,H2BC9
ADGRE1,FANCI,CA12,RNF222
MARCHF5,MYT1,AC022929.1,LSP1P4
APPL2,ACOT12,KISS1R,TFIP11
TOPBP1,ARL16,AL603783.1,LNCOC1
ARID1B,WASF1,STK10,FOXO6
NTSR1,TSPAN31,IKBKE,PRSS12
DSCAM,SHE,AL355304.1,RASL11B
MAFF,RPS6KA6,PER1,ME1
PPP3CB-AS1,DENND5B-AS1,MAP7D1,ITM2C
SLC7A5,FKBP9,AL499616.1,MT1X
ANKMY2,KMT5A,AC104805.1,MSLNL
TMEM171,NT5C3B,ATP6V1G1P6,CAND2
CENPV,ERAP1,HK3,CCND1
ARV1,SERBP1P1,DBIP1,FKBP14-AS1
ZNF594-DT,RPL7P51,AC087521.2,LINC01411
MBTD1,FECH,TCIRG1,PXDNL
DOCK11P1,RPL21P89,XCR1,RERE
ZC3H12A,DDX59-AS1,PDPN,OR10AH1P
FAM111A,EOMES,AC116366.2,MSL3-DT
IGLV5-37,HNRNPA1P21,SELPLG,PPP1R9B
IDH1,LRRC28,GBP3,LINC02809
LYRM4,MILIP,AC097713.1,IHH
SLC66A3,NDUFA11,FGD3,DNAJB6P1
FAM118B,PPAN-P2RY11,AC099667.1,KMT2D
ING3,HSD3BP5,LINC00632,GLRA4
FRMPD2,AMPD3,HAPLN3,C5AR2
ANXA4,IL17RD,DNM1P47,TMEM200A
LUCAT1,MMP2,WSCD2,DIAPH3
CROT,PPP4R3B,ASPRV1,VPS26C
ALG5,LPGAT1-AS1,FMO6P,SSH2
CAVIN4,ST13P18,AC124248.2,FRG1KP
CYP4F29P,CD34,SP110,LYZL6
AKR1B1,PNPLA1,FCER1A,GCDH
IL17A,FAM111A,TRPM3,RPH3AL
SEC31A,FARS2,EHBP1L1,RITA1
NKX3-1,DHX9P1,LRFN1,IGLV3-10
CD300A,TSPAN14-AS1,KCTD16,ADAMTS3
PSMG1,ANKRD49,WARS1,GLYATL1B
IGKV1D-16,CRLF1,BTN3A2,SAGE1
RHOBTB1,IGHV7-4-1,DPP9,ENO4
CCDC14,SLC15A5,DRAXIN,NAXD-AS1
NOL12,VOPP1-DT,RELT,PTGR3
HENMT1,LINC01089,KLRD1,RNVU1-15
RPS17P16,CCND1,AC106791.3,SLAMF6
ALPL,NMRAL2P,CLIC2,HOMER2P1
DTYMK,A2M-AS1,CD274,IGKV2-29
ORMDL1,RUVBL2,ANKRD13D,LINC01498
SLCO5A1,TM4SF1,AC093520.1,KDM6B
ZNF547,RIMBP2,CU639417.1,STK17A
TCN2,SLC6A3,OR52P2P,CD9
ZNF600,GLRA2,STAB1,PIP5KL1
ZNF366,FAM157A,PRAM1,ITPRIPL1
AP5M1,LINC01637,SNCA,MRPS31P2
DDHD1,FAM220CP,CXorf21,TRAJ26
PROCR,SLC35B3,POLG,TLCD1
LGALS8,SLC25A47,AC010247.2,PKDCC
RELCH,WASF3,GPRIN3,RAET1K
PRSS35,EPS8L2,AP5Z1,DCDC1
DPYS,LINC01050,AC022201.1,MGAT4D
ENOX2,ACY3,VN1R40P,IGKV1D-17
BCL2L1,IGHG3,BDNF-AS,NCAM2
SYT15,TSPAN33,LILRA5,HORMAD2
